{"id": null, "geo": {"dea": {}, "dfa": {}, "vertex": {"16": {"z": 0.0, "y": -37.6572265625, "x": -5.3132610321044922}, "15": {"z": 10.0, "y": -37.6572265625, "x": -5.3132610321044922}, "18": {"z": 0.0, "y": -37.6572265625, "x": 4.6867389678955078}, "10": {"z": 0.0, "y": -27.6572265625, "x": -5.3132610321044922}, "20": {"z": 10.0, "y": -37.6572265625, "x": -5.3132610321044922}, "17": {"z": 0.0, "y": -27.6572265625, "x": -5.3132610321044922}, "12": {"z": 0.0, "y": -27.6572265625, "x": -5.3132610321044922}, "22": {"z": 10.0, "y": -37.6572265625, "x": 4.6867389678955078}, "19": {"z": 0.0, "y": -27.6572265625, "x": 4.6867389678955078}, "11": {"z": 10.0, "y": -27.6572265625, "x": -5.3132610321044922}, "5": {"z": 10.0, "y": -37.6572265625, "x": 4.6867389678955078}, "4": {"z": 0.0, "y": -37.6572265625, "x": 4.6867389678955078}, "7": {"z": 10.0, "y": -27.6572265625, "x": 4.6867389678955078}, "6": {"z": 0.0, "y": -27.6572265625, "x": 4.6867389678955078}, "1": {"z": 10.0, "y": -37.6572265625, "x": -5.3132610321044922}, "0": {"z": 0.0, "y": -37.6572265625, "x": -5.3132610321044922}, "3": {"z": 10.0, "y": -37.6572265625, "x": 4.6867389678955078}, "2": {"z": 0.0, "y": -37.6572265625, "x": 4.6867389678955078}, "21": {"z": 10.0, "y": -27.6572265625, "x": -5.3132610321044922}, "9": {"z": 10.0, "y": -27.6572265625, "x": 4.6867389678955078}, "8": {"z": 0.0, "y": -27.6572265625, "x": 4.6867389678955078}, "14": {"z": 0.0, "y": -37.6572265625, "x": -5.3132610321044922}, "13": {"z": 10.0, "y": -27.6572265625, "x": -5.3132610321044922}, "23": {"z": 10.0, "y": -27.6572265625, "x": 4.6867389678955078}}, "face": {"5": ["21", "20", "22"], "4": ["17", "19", "18"], "7": ["5", "6", "7"], "6": ["1", "2", "3"], "1": ["5", "4", "6"], "0": ["1", "0", "2"], "3": ["13", "12", "14"], "2": ["9", "8", "10"], "10": ["17", "18", "16"], "11": ["21", "22", "23"], "9": ["13", "14", "15"], "8": ["9", "10", "11"]}, "facedata": {"5": {}, "4": {}, "7": {}, "6": {}, "1": {}, "0": {}, "3": {}, "2": {}, "10": {}, "11": {}, "9": {}, "8": {}}, "attributes": {"name": "Mesh"}, "max_int_fkey": 11, "max_int_key": 23, "edgedata": {}, "dva": {"z": 0.0, "y": 0.0, "x": 0.0}}, "parent": null, "children": [], "active_connections": [0, 1, 2, 3], "connections": [{"f_xaxis": [0.0, 1.0, 1.2246063538223773e-16], "f_origin": [-5.3132609277294973, -32.657226128610525, 5.0], "f_yaxis": [0.0, 1.2246063538223773e-16, -1.0], "part": "BOX", "id": "0", "type": "0"}, {"f_xaxis": [1.0, 0.0, -6.1230317691118863e-17], "f_origin": [-0.31326092772949732, -37.657226128610525, 5.0], "f_yaxis": [6.1230317691118863e-17, 0.0, 1.0], "part": "BOX", "id": "1", "type": "0"}, {"f_xaxis": [0.0, -1.8369095307335659e-16, -1.0], "f_origin": [4.6867390722705027, -32.657226128610525, 5.0], "f_yaxis": [0.0, 1.0, -1.8369095307335659e-16], "part": "BOX", "id": "2", "type": "0"}, {"f_xaxis": [0.0, 0.0, 1.0], "f_origin": [-0.31326092772949732, -27.657226128610525, 5.0], "f_yaxis": [1.0, -0.0, 0.0], "part": "BOX", "id": "3", "type": "0"}], "transformation": [[1.0, 0.0, 0.0, 0.0], [0.0, 1.0, 0.0, 0.0], [0.0, 0.0, 1.0, 0.0], [0.0, 0.0, 0.0, 1.0]], "name": "BOX"}