{"id": null, "geo": {"dea": {}, "dfa": {}, "vertex": {"16": {"z": 0.0, "y": -8.6602544784545898, "x": -5.0}, "26": {"z": 0.0, "y": 8.6602544784545898, "x": -5.0}, "15": {"z": 10.0, "y": -8.6602544784545898, "x": -5.0}, "18": {"z": 0.0, "y": -8.6602544784545898, "x": 5.0}, "35": {"z": 10.0, "y": -8.6602544784545898, "x": 5.0}, "25": {"z": 0.0, "y": 8.6602544784545898, "x": 5.0}, "28": {"z": 0.0, "y": -8.6602544784545898, "x": -5.0}, "10": {"z": 0.0, "y": 1.2246467996456087e-15, "x": -10.0}, "30": {"z": 10.0, "y": 0.0, "x": 10.0}, "20": {"z": 0.0, "y": -8.6602544784545898, "x": 5.0}, "17": {"z": 10.0, "y": -8.6602544784545898, "x": -5.0}, "27": {"z": 0.0, "y": 1.2246467996456087e-15, "x": -10.0}, "12": {"z": 0.0, "y": 1.2246467996456087e-15, "x": -10.0}, "32": {"z": 10.0, "y": 8.6602544784545898, "x": -5.0}, "22": {"z": 0.0, "y": 0.0, "x": 10.0}, "19": {"z": 10.0, "y": -8.6602544784545898, "x": 5.0}, "29": {"z": 0.0, "y": -8.6602544784545898, "x": 5.0}, "11": {"z": 10.0, "y": 1.2246467996456087e-15, "x": -10.0}, "5": {"z": 10.0, "y": 8.6602544784545898, "x": 5.0}, "4": {"z": 0.0, "y": 8.6602544784545898, "x": 5.0}, "7": {"z": 10.0, "y": 8.6602544784545898, "x": -5.0}, "6": {"z": 0.0, "y": 8.6602544784545898, "x": -5.0}, "1": {"z": 10.0, "y": 0.0, "x": 10.0}, "0": {"z": 0.0, "y": 0.0, "x": 10.0}, "3": {"z": 10.0, "y": 8.6602544784545898, "x": 5.0}, "2": {"z": 0.0, "y": 8.6602544784545898, "x": 5.0}, "21": {"z": 10.0, "y": -8.6602544784545898, "x": 5.0}, "31": {"z": 10.0, "y": 8.6602544784545898, "x": 5.0}, "9": {"z": 10.0, "y": 8.6602544784545898, "x": -5.0}, "8": {"z": 0.0, "y": 8.6602544784545898, "x": -5.0}, "14": {"z": 0.0, "y": -8.6602544784545898, "x": -5.0}, "34": {"z": 10.0, "y": -8.6602544784545898, "x": -5.0}, "24": {"z": 0.0, "y": 0.0, "x": 10.0}, "13": {"z": 10.0, "y": 1.2246467996456087e-15, "x": -10.0}, "33": {"z": 10.0, "y": 1.2246467996456087e-15, "x": -10.0}, "23": {"z": 10.0, "y": 0.0, "x": 10.0}}, "face": {"14": ["1", "2", "3"], "17": ["13", "14", "15"], "12": ["32", "30", "31"], "5": ["21", "20", "22"], "4": ["17", "16", "18"], "7": ["28", "27", "29"], "6": ["24", "27", "26"], "1": ["5", "4", "6"], "0": ["1", "0", "2"], "3": ["13", "12", "14"], "2": ["9", "8", "10"], "10": ["30", "32", "33"], "13": ["35", "30", "33"], "15": ["5", "6", "7"], "11": ["34", "35", "33"], "9": ["29", "27", "24"], "8": ["26", "25", "24"], "18": ["17", "18", "19"], "19": ["21", "22", "23"], "16": ["9", "10", "11"]}, "facedata": {"14": {}, "17": {}, "12": {}, "5": {}, "4": {}, "7": {}, "6": {}, "1": {}, "0": {}, "3": {}, "2": {}, "10": {}, "13": {}, "15": {}, "11": {}, "9": {}, "8": {}, "18": {}, "19": {}, "16": {}}, "attributes": {"name": "Mesh"}, "max_int_fkey": 19, "max_int_key": 35, "edgedata": {}, "dva": {"z": 0.0, "y": 0.0, "x": 0.0}}, "parent": null, "children": [], "active_connections": [0, 1, 2], "connections": [{"f_xaxis": [6.1230317691118863e-17, -6.7979308505793229e-33, -1.0], "f_origin": [1.7763568394002505e-15, 8.6602540378443855, 5.0], "f_yaxis": [-1.0, 1.1102230246251568e-16, -6.1230317691118863e-17], "part": "HEXA", "id": "0", "type": "0"}, {"f_xaxis": [3.0615158845559413e-17, -5.3027010602300673e-17, 1.0], "f_origin": [-7.5000000000000018, -4.330127018922191, 5.0], "f_yaxis": [-0.49999999999999978, 0.86602540378443882, 6.1230317691118863e-17], "part": "HEXA", "id": "1", "type": "0"}, {"f_xaxis": [0.50000000000000033, 0.86602540378443837, 0.0], "f_origin": [7.4999999999999964, -4.3301270189221954, 5.0], "f_yaxis": [-0.0, 0.0, 1.0], "part": "HEXA", "id": "2", "type": "0"}], "transformation": [[1.0, 0.0, 0.0, 0.0], [0.0, 1.0, 0.0, 0.0], [0.0, 0.0, 1.0, 0.0], [0.0, 0.0, 0.0, 1.0]], "name": "HEXA"}